stockname,Mean_return,Standard_deviation,VAR_90,VAR_95,VAR_99,Beta
AARTIDRUGS.NS,0.001746483,0.025498233,-0.022244247,-0.03165523,-0.058204026,0.72169708
AARTIIND.NS,0.001554828,0.020626431,-0.021785364,-0.028995452,-0.047582856,0.498090835
ABB.NS,0.000430452,0.018906658,-0.019240009,-0.025654583,-0.042871547,0.612227782
ABBOTINDIA.NS,0.001038778,0.016755039,-0.016066115,-0.021364453,-0.035566269,0.091011078
ABCAPITAL.NS,-0.000772704,0.026473527,-0.028569828,-0.037484102,-0.069234092,1.188813098
ABFRL.NS,0.000314364,0.024697798,-0.025457594,-0.035425316,-0.05519521,0.657117831
ACC.NS,0.000455604,0.018190943,-0.019462395,-0.028287896,-0.044367162,1.029425612
ADANIPORTS.NS,0.001186308,0.022765888,-0.021689476,-0.029804532,-0.059914448,1.174895412
ADANIPOWER.NS,0.001245809,0.034834724,-0.032469227,-0.049150591,-0.087938051,0.668000636
ADANITRANS.NS,0.002888984,0.031160476,-0.028769772,-0.040635028,-0.068089428,1.267289746
ADVENZYMES.NS,0.000806463,0.029162938,-0.027019966,-0.035638971,-0.063700834,0.333202482
AEGISCHEM.NS,0.00144767,0.027433719,-0.027306395,-0.038561624,-0.057872693,0.368818502
AIAENG.NS,0.000955806,0.020176236,-0.022237839,-0.029062886,-0.045292086,0.451910577
AJANTPHARM.NS,0.00047906,0.020555587,-0.021843727,-0.031107113,-0.054666016,0.207927726
AKZOINDIA.NS,0.000628487,0.016551781,-0.016238658,-0.02219084,-0.043759609,0.542410232
ALKEM.NS,0.000814755,0.017149404,-0.018202966,-0.0237774,-0.035802072,0.109544067
ALKYLAMINE.NS,0.002678486,0.028008896,-0.025438063,-0.034336431,-0.060503027,1.00697819
ALLCARGO.NS,0.000171438,0.023594813,-0.024115308,-0.032814376,-0.059891982,0.301371532
AMARAJABAT.NS,0.000295888,0.019641352,-0.020523697,-0.028930854,-0.049218724,0.750066697
AMBUJACEM.NS,0.000464971,0.019001379,-0.02148564,-0.028348184,-0.050178704,1.09407152
APLAPOLLO.NS,0.001958879,0.02391886,-0.022111211,-0.030410967,-0.055717653,0.780050271
APLLTD.NS,0.0005962,0.020999487,-0.019565686,-0.027479527,-0.046633441,0.424252312
APOLLOHOSP.NS,0.000756114,0.021283336,-0.022366247,-0.027615163,-0.053553519,0.51330487
ASIANPAINT.NS,0.000977337,0.016237994,-0.01573815,-0.022027498,-0.037575901,0.67323503
ASTERDM.NS,0.000150448,0.026047436,-0.02534842,-0.033432435,-0.074587357,0.441448219
ASTRAZEN.NS,0.001274171,0.024323387,-0.022430185,-0.029699557,-0.060013969,0.327136635
ATUL.NS,0.001406299,0.018717247,-0.017252688,-0.025578792,-0.046230794,0.316804555
AUBANK.NS,0.001032522,0.026462131,-0.024928596,-0.042073324,-0.083647178,1.387683261
AUROPHARMA.NS,0.000667389,0.026051693,-0.024120804,-0.033580172,-0.056593912,0.891789542
AVANTIFEED.NS,0.001602913,0.031363793,-0.029061016,-0.040180752,-0.073651595,0.689166356
AXISBANK.NS,0.00084301,0.024225753,-0.022299997,-0.030571718,-0.057664577,1.42803285
BAJAJ-AUTO.NS,0.00062654,0.016708661,-0.015894331,-0.02299962,-0.041253208,0.5599592
BAJAJCON.NS,-9.33E-05,0.021876111,-0.020803192,-0.030117065,-0.053882608,0.868593801
BAJAJELEC.NS,0.001834601,0.026837934,-0.02628265,-0.035485071,-0.061385122,0.968011664
BAJAJFINSV.NS,0.001723697,0.023354907,-0.022430965,-0.031137574,-0.055087066,1.326063526
BAJAJHLDNG.NS,0.000993356,0.020526098,-0.018400897,-0.02639152,-0.054891367,0.461421958
BAJFINANCE.NS,0.002126384,0.026175848,-0.023631714,-0.036636446,-0.072953624,1.489747031
BALRAMCHIN.NS,0.001067537,0.030162421,-0.032889768,-0.047043638,-0.069132187,0.72631094
BANDHANBNK.NS,0.00023178,0.03906489,-0.035288234,-0.049568884,-0.104803548,1.645258148
BANKBARODA.NS,0.000134024,0.029460337,-0.032086494,-0.041652011,-0.068130022,1.436970395
BASF.NS,0.000939325,0.024258442,-0.023815356,-0.031732489,-0.046948062,0.846349786
BATAINDIA.NS,0.00114843,0.018592922,-0.018073502,-0.025391467,-0.042027266,0.695658164
BBTC.NS,0.001461025,0.028667945,-0.024336366,-0.036339748,-0.05984076,0.88284499
BEL.NS,0.000560115,0.024442982,-0.025892135,-0.03414565,-0.059228706,0.933055499
BHARATFORG.NS,0.000709402,0.023964054,-0.022130236,-0.031756441,-0.060460942,0.99797342
BHARATRAS.NS,0.002420933,0.031560825,-0.026188885,-0.036592106,-0.064585636,0.649052539
BHARTIARTL.NS,0.000844836,0.021906339,-0.023111144,-0.032520806,-0.052290361,0.923820157
BIOCON.NS,0.001645209,0.022560383,-0.022308451,-0.032212177,-0.05469424,1.21318157
BIRLACORPN.NS,0.001005033,0.024831256,-0.02451761,-0.031731528,-0.058853798,0.891722409
BLUEDART.NS,-5.85E-05,0.020216107,-0.02060341,-0.028107379,-0.045831513,0.268806397
BOSCHLTD.NS,0.000223024,0.020129723,-0.020645847,-0.028191584,-0.053416338,1.024689468
BPCL.NS,0.000654323,0.024457212,-0.024326134,-0.032372842,-0.069508192,0.99251837
BRITANNIA.NS,0.000927625,0.016639806,-0.016211182,-0.022670196,-0.036827589,0.253559012
BSE.NS,-0.00041144,0.017907073,-0.018008119,-0.026490403,-0.044372688,0.681641917
BSOFT.NS,0.001439265,0.029117953,-0.028061143,-0.040176906,-0.074891054,0.780296803
CADILAHC.NS,0.000549248,0.021629603,-0.02300787,-0.031753031,-0.049682662,0.793564005
CAPLIPOINT.NS,0.001199608,0.031876731,-0.027685388,-0.040703317,-0.074242749,0.548141783
CASTROLIND.NS,-0.00011116,0.019469811,-0.021026199,-0.028868852,-0.044677672,0.382661215
CCL.NS,0.000566988,0.020029961,-0.020227789,-0.028780399,-0.053241383,0.616431424
CDSL.NS,0.001055432,0.024052888,-0.022029298,-0.03101002,-0.049800211,0.769468483
CEATLTD.NS,0.000724861,0.022412436,-0.021579275,-0.029162766,-0.056729611,0.556332907
CENTRALBK.NS,-0.000622437,0.028298285,-0.027588606,-0.03767487,-0.063766038,0.609796762
CESC.NS,0.00059951,0.020442414,-0.020526367,-0.027259771,-0.049153101,0.783610978
CHAMBLFERT.NS,0.001515324,0.025014074,-0.025645281,-0.035016976,-0.053685493,0.401586379
CHOLAFIN.NS,0.001416189,0.028687906,-0.025630204,-0.036332297,-0.072002134,1.316931332
CIPLA.NS,0.000521953,0.017794986,-0.018722288,-0.023681442,-0.044556307,0.477135183
COALINDIA.NS,-0.000452332,0.018515817,-0.021310319,-0.028494574,-0.048083875,1.07122479
COCHINSHIP.NS,-0.000264866,0.021029121,-0.018841666,-0.026141811,-0.054013303,0.574672578
COFORGE.NS,0.001729771,0.02692439,-0.024375128,-0.034264958,-0.064428741,1.263316748
COLPAL.NS,0.000632158,0.014262336,-0.014699043,-0.019557122,-0.0347282,0.348582372
CONCOR.NS,0.000514241,0.021031691,-0.021594019,-0.029521321,-0.050290864,0.849883493
COROMANDEL.NS,0.001506395,0.020957474,-0.022305908,-0.030673591,-0.049131145,0.066707938
CRISIL.NS,0.000199588,0.01740954,-0.016443467,-0.024708818,-0.045979595,0.17595922
CROMPTON.NS,0.001163358,0.020982308,-0.022772011,-0.030857144,-0.048272918,0.067787139
CSBBANK.NS,-0.000557503,0.031364944,-0.033394997,-0.047365528,-0.081654073,0.606919505
CUMMINSIND.NS,8.25E-05,0.020348039,-0.022975983,-0.030020045,-0.05556367,0.746366447
CYIENT.NS,0.00068444,0.023325606,-0.022482535,-0.031866997,-0.063931963,0.505664486
DABUR.NS,0.000750705,0.01558053,-0.015838078,-0.022008445,-0.036256229,0.3814637
DCAL.NS,0.000409674,0.032068158,-0.032838955,-0.047408601,-0.068017119,1.237633304
DCBBANK.NS,0.000697393,0.025074713,-0.02338603,-0.035387485,-0.072681937,1.421290035
DCMSHRIRAM.NS,0.001619551,0.0311422,-0.030675862,-0.043291064,-0.077051765,0.684310998
DEEPAKNTR.NS,0.00270315,0.02694462,-0.024830899,-0.035284264,-0.058861699,0.704038067
DHANUKA.NS,0.00058301,0.023000971,-0.02344058,-0.033063264,-0.051768782,0.305420629
DIVISLAB.NS,0.001324869,0.022518589,-0.019476703,-0.025930945,-0.049190106,0.854809409
DMART.NS,0.001850481,0.022192951,-0.023438882,-0.033479527,-0.050854589,0.499244186
DRREDDY.NS,0.000592184,0.018388944,-0.018565764,-0.025385074,-0.047577737,0.446626055
EDELWEISS.NS,0.00088833,0.034636485,-0.040161012,-0.049848634,-0.094678144,1.176316979
EICHERMOT.NS,0.000657103,0.021544522,-0.02215536,-0.032390798,-0.060801745,0.938908923
EIDPARRY.NS,0.000964717,0.025945553,-0.024707707,-0.033751627,-0.052716488,0.591277031
EMAMILTD.NS,0.000225418,0.022021711,-0.021097572,-0.030927449,-0.056104377,0.243694022
ENDURANCE.NS,0.001036117,0.022858089,-0.022474591,-0.031831021,-0.052347677,0.143721365
ENGINERSIN.NS,0.000289596,0.022904151,-0.023917209,-0.034083367,-0.058163958,0.761623862
ERIS.NS,0.000208389,0.021980141,-0.02224954,-0.030512947,-0.051225665,0.255243631
EXIDEIND.NS,0.000610838,0.019088706,-0.02087345,-0.027840283,-0.046103737,0.699125908
FACT.NS,0.001874383,0.03779927,-0.034138141,-0.047182342,-0.08441905,1.186680771
FCONSUMER.NS,-0.000234315,0.032124687,-0.039913238,-0.04726124,-0.059182482,0.455720947
FDC.NS,0.000591879,0.021986226,-0.022411215,-0.030509796,-0.053516036,0.622825851
FEDERALBNK.NS,0.000856957,0.025720219,-0.026108791,-0.034153343,-0.0694842,1.733667941
FINEORG.NS,0.001986378,0.025882341,-0.023806644,-0.033248593,-0.050682407,0.642340503
FLUOROCHEM.NS,-6.02E-05,0.032061093,-0.033298397,-0.047707084,-0.09425036,0.661886376
FORTIS.NS,0.000348677,0.0237038,-0.022938126,-0.032926092,-0.066294686,0.40119216
GAEL.NS,0.002096711,0.031962837,-0.031995655,-0.044039133,-0.073735761,0.768923027
GALAXYSURF.NS,0.000618446,0.02137916,-0.020132092,-0.028231874,-0.045881264,0.747634785
GICRE.NS,-0.001099088,0.025665042,-0.02574267,-0.036758726,-0.06745495,0.803134833
GLAXO.NS,3.63E-05,0.014928294,-0.013725755,-0.018979688,-0.037414229,0.401584812
GLENMARK.NS,-4.14E-06,0.02408877,-0.023635794,-0.032993542,-0.059663642,0.921420364
GNFC.NS,0.001421507,0.029573804,-0.030652858,-0.040610577,-0.072462512,0.490918193
GODFRYPHLP.NS,0.00036469,0.028196019,-0.026196314,-0.037525962,-0.065391761,0.528529657
GODREJAGRO.NS,-1.52E-05,0.019971652,-0.019806352,-0.029012135,-0.051428392,0.47052142
GODREJCP.NS,0.000685658,0.01900712,-0.020860961,-0.027613956,-0.047696241,0.488988461
GODREJIND.NS,0.000471327,0.018464683,-0.020645706,-0.028051705,-0.046103279,0.34903706
GOLDBEES.NS,0.080162483,2.82298091,-0.008484218,-0.01171052,-0.025588434,-0.041129412
GRANULES.NS,0.001285126,0.027325054,-0.029243718,-0.03763711,-0.064497144,0.590234266
GRAPHITE.NS,0.002035503,0.034305884,-0.034881881,-0.049867784,-0.080659908,1.16870807
GRASIM.NS,0.000906607,0.021279082,-0.020679814,-0.030221665,-0.051033398,0.961611114
GSFC.NS,0.000544678,0.025502237,-0.027997511,-0.03613417,-0.06606038,0.781174965
GSKCONS.NS,0.000603434,0.014394509,-0.012254363,-0.018843536,-0.040553844,0
GUJALKALI.NS,0.000920227,0.026422721,-0.02516689,-0.034221979,-0.059372243,0.520306881
HAPPSTMNDS.NS,-0.000337334,0.02459629,-0.031840984,-0.039123942,-0.053827002,0.440856414
HATSUN.NS,0.001225941,0.021483599,-0.018990575,-0.027458839,-0.049241646,1.167863873
HAVELLS.NS,0.001364909,0.020126676,-0.020420103,-0.028728559,-0.054109011,0.703071566
HCLTECH.NS,0.000856922,0.017590104,-0.018597269,-0.02535494,-0.047221042,0.865308296
HDFC.NS,0.000947022,0.018993794,-0.018241438,-0.025917921,-0.050311103,1.268029844
HDFCAMC.NS,0.001132445,0.023049297,-0.024584877,-0.032889626,-0.060837919,0.837450234
HDFCBANK.NS,0.00108414,0.015100223,-0.013145375,-0.018991653,-0.035681108,1.232109429
HDFCLIFE.NS,0.001112529,0.022224697,-0.020875827,-0.027811342,-0.057012399,0.54859749
HEROMOTOCO.NS,0.000459168,0.019304938,-0.019062982,-0.027381641,-0.053117889,0.674279841
HIKAL.NS,0.000884321,0.026921712,-0.024096872,-0.032118407,-0.056684449,0.686632482
HINDALCO.NS,0.001550101,0.026371086,-0.026789081,-0.035973941,-0.0702186,1.463318772
HINDPETRO.NS,0.00069708,0.026731787,-0.027490877,-0.038697759,-0.061107208,0.913365602
HINDUNILVR.NS,0.000941418,0.014729407,-0.014400572,-0.01980744,-0.030591471,0.245044378
HINDZINC.NS,0.000730823,0.02157232,-0.0220711,-0.032673081,-0.053708989,0.676659601
HONAUT.NS,0.001545488,0.020199721,-0.01660335,-0.022724551,-0.037778429,0.503484386
HSCL.NS,0.001524616,0.033087586,-0.032737575,-0.046234601,-0.08425354,1.008597755
ICICIBANK.NS,0.001285336,0.023303912,-0.022269966,-0.031649298,-0.057842287,1.673138559
ICICIGI.NS,0.001182049,0.022320023,-0.02140396,-0.033843409,-0.057781563,0.663885457
ICICIPRULI.NS,0.000720136,0.023741699,-0.021992143,-0.02952044,-0.054048212,0.572760612
IDBI.NS,1.20E-05,0.030960948,-0.031657235,-0.047830829,-0.076804359,0.907650247
IDFC.NS,0.000447271,0.027293368,-0.02710047,-0.039178889,-0.064894122,0.659384417
IDFCFIRSTB.NS,0.00029901,0.025470718,-0.027032658,-0.037165508,-0.063069614,1.157885555
IEX.NS,0.000781995,0.021144843,-0.020031949,-0.030005893,-0.057789795,0.423864063
IGL.NS,0.00153428,0.01996757,-0.020734819,-0.029346758,-0.049031929,0.794737242
INDIACEM.NS,0.001134867,0.029451405,-0.031375832,-0.041650172,-0.066893913,0.728496638
INDIAMART.NS,0.005600512,0.036011605,-0.029609231,-0.044533343,-0.066695573,0.570065292
INDIGO.NS,0.001007202,0.024870896,-0.024906491,-0.036392422,-0.067292999,1.512353791
INDOCO.NS,0.000538902,0.030458709,-0.029753326,-0.039300968,-0.069146423,0.666888296
INDUSINDBK.NS,0.000642602,0.030148133,-0.023067047,-0.035288972,-0.08071742,2.075570928
INFIBEAM.NS,0.001560437,0.040307529,-0.02651119,-0.039531632,-0.10459667,0.752668995
INFRATEL.NS,5.82E-05,0.027425656,-0.027507123,-0.038433259,-0.080254287,0.759973425
INFY.NS,0.000880792,0.017957768,-0.016824108,-0.023638663,-0.047890416,0.859522167
INTELLECT.NS,0.001354731,0.031777503,-0.033025982,-0.046181684,-0.07417141,0.695287552
IOB.NS,-0.000296142,0.022917921,-0.02122548,-0.03169373,-0.05211889,0.797766244
IOC.NS,0.000312056,0.020924834,-0.022995389,-0.030275155,-0.052701227,0.976972276
IOLCP.NS,0.002527663,0.034691121,-0.03244257,-0.046478512,-0.085259969,0.726576228
IPCALAB.NS,0.001195372,0.022306503,-0.021551304,-0.029394657,-0.052678866,0.503189143
IRCTC.NS,0.002884122,0.030016906,-0.025522952,-0.0489838,-0.076245323,0.519255828
ISEC.NS,0.000332827,0.029748847,-0.029978145,-0.043360471,-0.071789119,0.482346533
ITC.NS,0.000283338,0.01754449,-0.017073352,-0.023082121,-0.036548978,0.830169864
ITI.NS,0.002082963,0.039593347,-0.03595464,-0.047650006,-0.078046317,0.925452831
JCHAC.NS,0.001003624,0.025275403,-0.022094434,-0.032024957,-0.05678841,0.74556312
JINDALSTEL.NS,0.00203283,0.035663808,-0.038171403,-0.052812291,-0.094926489,1.580901715
JSWENERGY.NS,0.00040498,0.024369391,-0.026580163,-0.035883556,-0.06027269,0.273532776
JSWSTEEL.NS,0.001421577,0.022686658,-0.024331531,-0.033260923,-0.05387819,1.042058341
JUBILANT.NS,0.001383342,0.029228436,-0.030390393,-0.038974112,-0.065882297,0.727229654
JUBLFOOD.NS,0.001655722,0.02450886,-0.023393117,-0.033810091,-0.065268428,0.763987777
JYOTHYLAB.NS,0.000342103,0.021369602,-0.021805816,-0.0310009,-0.047875366,0.420200863
KAJARIACER.NS,0.000775125,0.020714593,-0.020999733,-0.027805588,-0.051119704,0.312092056
KANSAINER.NS,0.000857823,0.020009774,-0.019240872,-0.026659425,-0.053030574,0.807955391
KARURVYSYA.NS,0.000119024,0.023953104,-0.022933536,-0.033123907,-0.053824926,1.122085087
KEC.NS,0.001444627,0.023813655,-0.024378524,-0.031436226,-0.053680863,0.575974923
KNRCON.NS,0.001578661,0.023930891,-0.023347608,-0.032219433,-0.055321227,0.922837956
KOTAKBANK.NS,0.001084285,0.01789639,-0.016387395,-0.024212476,-0.044611456,1.011398979
KPITTECH.NS,0.001157695,0.031830757,-0.033900285,-0.043091687,-0.073828194,0.672721151
KRBL.NS,0.000586358,0.031749862,-0.028924988,-0.043644364,-0.085217755,0.07445655
KSCL.NS,0.000698034,0.025149981,-0.026098791,-0.03697757,-0.059334737,0.647660379
L&TFH.NS,0.000850388,0.027772538,-0.028304259,-0.038294869,-0.075791563,1.297206985
LALPATHLAB.NS,0.001108908,0.0205734,-0.020644139,-0.028406755,-0.050356963,0.397182123
LAURUSLABS.NS,0.001546914,0.022957471,-0.020017272,-0.02857891,-0.055619802,1.010919385
LICHSGFIN.NS,0.000354443,0.024248914,-0.024953654,-0.037280863,-0.061361883,1.453751743
LINDEINDIA.NS,0.001489359,0.025974204,-0.022394568,-0.030570554,-0.06344742,0.789754129
LT.NS,0.000782314,0.018279338,-0.016549286,-0.02228449,-0.04488853,1.144724143
LTI.NS,0.001809578,0.021425381,-0.019478693,-0.02743281,-0.050531303,0.701322412
LTTS.NS,0.001333421,0.023836676,-0.021197057,-0.032158794,-0.057493803,0.646563674
LUPIN.NS,-0.000220695,0.019787148,-0.020222322,-0.027253255,-0.050515778,0.722653774
LUXIND.NS,0.001160532,0.0231874,-0.021218282,-0.031246524,-0.052334432,0.22163763
M&M.NS,0.000613702,0.020428674,-0.019472347,-0.026786772,-0.062225982,1.331559748
M&MFIN.NS,0.000480544,0.031119682,-0.030217463,-0.04108829,-0.081313692,1.712385631
MANAPPURAM.NS,0.001928798,0.030200893,-0.029316255,-0.040987423,-0.078061165,1.208158592
MARICO.NS,0.000600978,0.015618521,-0.016649097,-0.022575215,-0.039221278,0.445804385
MARUTI.NS,0.000815206,0.019813364,-0.018125463,-0.027040316,-0.050618337,0.89598511
MCDOWELL-N.NS,0.000422927,0.021914146,-0.023227336,-0.030412367,-0.05380421,0.834889316
METROPOLIS.NS,0.002194102,0.026817962,-0.025376512,-0.032932766,-0.062147783,0.13992924
MFSL.NS,0.001016719,0.027261236,-0.024984351,-0.035044258,-0.066496688,0.590926306
MGL.NS,0.000871402,0.020162785,-0.019629941,-0.026965282,-0.050312592,0.611477035
MINDTREE.NS,0.000975264,0.02268098,-0.020221014,-0.028722708,-0.068876543,0.959843447
MOIL.NS,0.000610723,0.024053058,-0.024339509,-0.033080212,-0.060309607,0.755712866
MOTHERSUMI.NS,0.00081749,0.028281814,-0.028572195,-0.043473025,-0.067048286,1.525337344
MPHASIS.NS,0.001314176,0.021387049,-0.021642515,-0.031152777,-0.051685908,0.539019452
MRF.NS,0.000996453,0.017636264,-0.017171839,-0.023422572,-0.040843472,1.020414589
MUTHOOTFIN.NS,0.001866974,0.026670662,-0.024900775,-0.034150382,-0.05949627,0.896918165
NATCOPHARM.NS,0.000823692,0.022060792,-0.020575363,-0.028067623,-0.049287463,0.46242746
NAUKRI.NS,0.001867478,0.025167332,-0.024476795,-0.036170799,-0.055091059,1.0831667
NESTLEIND.NS,0.001095846,0.015804882,-0.015230992,-0.020916384,-0.038904024,0.257219822
NETWORK18.NS,0.000330443,0.029369351,-0.032892936,-0.043132202,-0.061082291,0.704716943
NH.NS,0.000614861,0.020111032,-0.019701885,-0.028875036,-0.047098184,0.560052421
NIACL.NS,-0.000870297,0.027841687,-0.02679928,-0.036473739,-0.06102655,1.117909056
NMDC.NS,0.000629337,0.024674446,-0.028116833,-0.035869571,-0.064890359,1.159676069
NOCIL.NS,0.001519987,0.0289322,-0.029685351,-0.041367712,-0.06890595,0.808880282
OFSS.NS,0.00013079,0.017234045,-0.017574925,-0.025192826,-0.047760627,0.358021753
OIL.NS,-4.14E-05,0.021039252,-0.022148976,-0.030821114,-0.064888324,0.703562054
ONGC.NS,-2.05E-06,0.022158809,-0.021267637,-0.029276682,-0.052584086,1.03823312
PAGEIND.NS,0.001058222,0.021932765,-0.022363376,-0.029376068,-0.053217418,0.899275841
PEL.NS,0.000850581,0.028066405,-0.029243971,-0.041008042,-0.072638372,1.567585829
PERSISTENT.NS,0.001096135,0.020655935,-0.019423996,-0.027674859,-0.051777836,0.711973581
PETRONET.NS,0.000736729,0.01930192,-0.020398452,-0.028304682,-0.048478455,0.716042384
PFIZER.NS,0.000777457,0.017108017,-0.015531163,-0.022419647,-0.037065203,0.06487401
PGHH.NS,0.000712193,0.013287302,-0.012895331,-0.017297391,-0.03116446,0.140532387
PGHL.NS,0.002234564,0.024904587,-0.020964391,-0.030665488,-0.050622742,0.367465945
PHILIPCARB.NS,0.002515811,0.033452963,-0.03200497,-0.045131294,-0.080247645,0.810206812
PIDILITIND.NS,0.001029894,0.016605747,-0.01676032,-0.022799484,-0.04161056,0.677894226
PIIND.NS,0.001223112,0.020516796,-0.020069673,-0.028345216,-0.045585055,0.749500348
POLYCAB.NS,0.001929209,0.026601732,-0.021566029,-0.03215885,-0.072580942,0.404577057
POLYMED.NS,0.001498301,0.026813699,-0.024800585,-0.034531625,-0.061161299,0.430917979
POLYPLEX.NS,0.001278668,0.02297424,-0.022875738,-0.031824306,-0.05002764,0.648933904
POWERGRID.NS,0.000477481,0.015363259,-0.017227194,-0.022236338,-0.036498979,0.710774547
PRINCEPIPE.NS,0.003816957,0.037110607,-0.034623271,-0.048325795,-0.069404484,0.777320218
QUESS.NS,0.000676648,0.027403378,-0.028458932,-0.040096163,-0.067328705,0.634443788
RAIN.NS,0.001884004,0.03573878,-0.037320109,-0.049820007,-0.084898418,0.968999915
RALLIS.NS,0.00069656,0.021269928,-0.020469137,-0.028249333,-0.052192071,0.545296751
RAMCOCEM.NS,0.000948076,0.019612631,-0.019591347,-0.026406674,-0.047297233,1.12436068
RAYMOND.NS,0.000267864,0.026219152,-0.02590785,-0.035917016,-0.07059679,0.82525312
RBLBANK.NS,0.00029412,0.030292339,-0.028488495,-0.042979965,-0.095260822,1.82919653
RCF.NS,0.000672777,0.027595699,-0.028525975,-0.037504315,-0.060090966,0.806838826
RECLTD.NS,0.000782594,0.024747808,-0.027308128,-0.037755346,-0.06645704,1.190517634
REDINGTON.NS,0.000729025,0.027964947,-0.026577549,-0.038799141,-0.065653278,0.820960544
RELAXO.NS,0.001380591,0.019638875,-0.017281207,-0.025207574,-0.044439276,0.477159181
RELIANCE.NS,0.00136654,0.019356221,-0.018533057,-0.025330978,-0.041766181,0.819892174
ROSSARI.NS,0.001743881,0.024358813,-0.018967757,-0.031819699,-0.049081996,0.421992545
ROUTE.NS,0.00727732,0.042425477,-0.028989086,-0.050221286,-0.096064017,-0.184216509
SAIL.NS,0.000953309,0.029719689,-0.033206979,-0.043456619,-0.068689623,1.365811573
SANOFI.NS,0.00061802,0.01395659,-0.014491722,-0.018946036,-0.032531718,0.255745348
SBICARD.NS,0.002067313,0.028636746,-0.021730775,-0.036029014,-0.061513943,0.357633455
SBILIFE.NS,0.000434871,0.019890326,-0.019917509,-0.02891363,-0.053863131,0.449250165
SBIN.NS,0.001063108,0.024448022,-0.024000155,-0.034987637,-0.059228034,1.672798294
SEQUENT.NS,0.000844181,0.031835656,-0.033639579,-0.04478354,-0.076203801,0.914272147
SFL.NS,0.000876411,0.018977008,-0.018782419,-0.025771729,-0.044595811,0.518910012
SHARDACROP.NS,0.000604238,0.02713861,-0.026835695,-0.036248182,-0.062091008,0.45978525
SHILPAMED.NS,0.000442022,0.027988214,-0.027250081,-0.040798431,-0.061040204,0.450776258
SIEMENS.NS,0.000699744,0.018525814,-0.018794198,-0.026275517,-0.045254682,0.956234525
SKFINDIA.NS,0.000799479,0.016780567,-0.015183179,-0.019681056,-0.035653453,0.658619035
SOLARA.NS,0.003458505,0.036791255,-0.035580594,-0.049848382,-0.087202272,0.312698994
SOLARINDS.NS,0.00070192,0.0156531,-0.015671467,-0.021394735,-0.034147179,0.335709876
SONATSOFTW.NS,0.001166865,0.024503202,-0.024980937,-0.03352833,-0.055185204,0.746061045
SPARC.NS,0.00013814,0.029436157,-0.028415713,-0.039908894,-0.065733959,0.893543053
SPENCERS.NS,-0.001246581,0.038816006,-0.041369433,-0.049995592,-0.089955261,0.824691779
SRF.NS,0.001558224,0.022136588,-0.020696046,-0.028658173,-0.056248419,0.909912942
STAR.NS,0.000319958,0.028729417,-0.027934432,-0.037273729,-0.070474635,0.691706398
SUDARSCHEM.NS,0.001884265,0.028803623,-0.024987931,-0.036246702,-0.06420743,0.541115124
SUMICHEM.NS,0.002111129,0.030652971,-0.029602264,-0.039085337,-0.070910105,0.577393116
SUNPHARMA.NS,-2.15E-06,0.020787026,-0.021436402,-0.029609939,-0.059948078,0.818041018
SUNTV.NS,0.000764534,0.026158836,-0.027750556,-0.037591367,-0.059958419,1.086097856
SUVENPHAR.NS,0.005511732,0.040572412,-0.039977557,-0.049945918,-0.076996229,0.507830223
SWSOLAR.NS,-0.00213292,0.04188032,-0.049797376,-0.054008258,-0.102149352,0.92944961
SYNGENE.NS,0.001105869,0.019454829,-0.020190675,-0.02707716,-0.043137255,0.49519891
TATACHEM.NS,0.000767935,0.02437702,-0.017578164,-0.025015425,-0.048334892,0.899179059
TATACONSUM.NS,0.001653205,0.021951318,-0.020763684,-0.029266558,-0.053487744,0.717237268
TATAELXSI.NS,0.0011904,0.023747801,-0.024351189,-0.033653094,-0.060803593,0.917132085
TATAMOTORS.NS,0.000626465,0.030916966,-0.030609075,-0.041782518,-0.080852848,1.89564646
TATAPOWER.NS,0.000624592,0.022083965,-0.023281722,-0.035377169,-0.054097782,1.533308221
TATASTEEL.NS,0.001257562,0.024086404,-0.02512095,-0.035083026,-0.063612472,1.248994334
TCIEXP.NS,0.001305336,0.025466849,-0.025814427,-0.03336513,-0.059625594,0.304673035
TCS.NS,0.001007602,0.016379228,-0.016959228,-0.0242483,-0.043495224,0.694611583
TECHM.NS,0.000861677,0.019550937,-0.01994231,-0.027468411,-0.047424272,0.865051297
THYROCARE.NS,0.000613376,0.021886194,-0.019288762,-0.027653317,-0.054439905,0.541097726
TITAN.NS,0.001420237,0.021448387,-0.020524453,-0.028735862,-0.054639072,0.83179101
TORNTPHARM.NS,0.000816316,0.01917578,-0.019850955,-0.026058739,-0.047024369,0.360531793
TORNTPOWER.NS,0.000596805,0.021859584,-0.023011365,-0.030404384,-0.052390372,0.668929692
TRENT.NS,0.001557707,0.02341055,-0.021046058,-0.028048444,-0.053719155,0.790811425
TV18BRDCST.NS,0.000324097,0.03061095,-0.03110178,-0.045652968,-0.073858721,0.72361712
TVSMOTOR.NS,0.000903564,0.021328395,-0.023062774,-0.031851717,-0.051066672,0.682717737
UBL.NS,0.000559198,0.019016237,-0.019163512,-0.02924131,-0.04646117,0.492632621
UCOBANK.NS,-0.000306885,0.027585772,-0.02459524,-0.036928069,-0.059219385,0.587669945
ULTRACEMCO.NS,0.000862655,0.018414261,-0.019929469,-0.026526272,-0.040971604,1.042534006
UNIONBANK.NS,-0.000594506,0.029264116,-0.03046916,-0.043698397,-0.075648886,0.737080444
UPL.NS,0.000869899,0.023343783,-0.021661493,-0.032452373,-0.068602168,0.592070023
VEDL.NS,0.001277032,0.028858377,-0.028663305,-0.037535625,-0.085254251,1.140789076
VGUARD.NS,0.00131699,0.021133224,-0.019939602,-0.027600971,-0.049530987,0.008017092
VINATIORGA.NS,0.001815333,0.023579626,-0.023273534,-0.031890153,-0.053576007,0.625891171
VIPIND.NS,0.001478101,0.026723742,-0.027562254,-0.036495062,-0.052498624,0.826889579
VMART.NS,0.001692428,0.02819013,-0.029092955,-0.042530969,-0.056329798,0.405239406
VOLTAS.NS,0.001400909,0.020407376,-0.020940713,-0.029349691,-0.051042335,0.901836474
WHIRLPOOL.NS,0.001329096,0.020459969,-0.019917855,-0.028073799,-0.051288569,0.505130496
WIPRO.NS,0.000791713,0.016440068,-0.01686464,-0.023575559,-0.040854174,0.766483662
WOCKPHARMA.NS,-7.77E-06,0.029740786,-0.029934557,-0.042015589,-0.071268856,1.113652784
ZEEL.NS,6.21E-05,0.030979604,-0.028827537,-0.043464428,-0.084016221,1.18673428
ZENSARTECH.NS,0.000520149,0.024146846,-0.021728026,-0.032126815,-0.058910172,0.313258582
ZYDUSWELL.NS,0.001009204,0.018696236,-0.018550439,-0.023985481,-0.041453526,0.119257716
^NSEI,0.000695977,0.011481443,-0.009791766,-0.014902636,-0.028640367,
